{
  "id": "aus0001-0001",
  "site_id": "aus0001",
  "orientation": 93.49573390171079,
  "along_dist": 98.4083336858319,
  "along_dist_norm": 0.002935062039284273,
  "beach_slope": 0.05,
  "cil": 0.0387,
  "ciu": 0.064,
  "trend": -0.8335813376310823,
  "n_points": 654.0,
  "n_points_nonan": 473.0,
  "r2_score": 0.0527833945282431,
  "mae": 26.02948160497056,
  "mse": 1092.3368617120702,
  "rmse": 33.050519840269835,
  "intercept": 210.6291595951924,
  "ERODIBILITY": null
}