{
  "id": "aus0001-0000",
  "site_id": "aus0001",
  "orientation": 104.34764797878206,
  "along_dist": 0.0,
  "along_dist_norm": 0.0,
  "beach_slope": 0.085,
  "cil": 0.0545,
  "ciu": 0.2,
  "trend": -1.456304661836377,
  "n_points": 654.0,
  "n_points_nonan": 342.0,
  "r2_score": 0.13195088040507819,
  "mae": 28.72121377353878,
  "mse": 1321.0594095232445,
  "rmse": 36.346380968718805,
  "intercept": 179.40727662907472,
  "ERODIBILITY": null
}