{
  "id": "aus0001-0006",
  "site_id": "aus0001",
  "orientation": 90.90678769797152,
  "along_dist": 598.308452583733,
  "along_dist_norm": 0.017844753195066603,
  "beach_slope": 0.07,
  "cil": 0.0586,
  "ciu": 0.0816,
  "trend": 0.7253641492892111,
  "n_points": 654.0,
  "n_points_nonan": 521.0,
  "r2_score": 0.08598370262921173,
  "mae": 17.48297626782642,
  "mse": 484.59378631893503,
  "rmse": 22.01349100708325,
  "intercept": 151.48432552166722,
  "ERODIBILITY": null
}