{
  "id": "aus0001-0002",
  "site_id": "aus0001",
  "orientation": 82.06934128399992,
  "along_dist": 198.4083336860723,
  "along_dist_norm": 0.005917596068019582,
  "beach_slope": 0.05,
  "cil": 0.0428,
  "ciu": 0.0647,
  "trend": -0.28220863455875406,
  "n_points": 654.0,
  "n_points_nonan": 491.0,
  "r2_score": 0.008219947764163793,
  "mae": 22.896463883312666,
  "mse": 838.9972326057139,
  "rmse": 28.96544894535063,
  "intercept": 200.16630741946162,
  "ERODIBILITY": null
}