{
  "id": "aus0001-0003",
  "site_id": "aus0001",
  "orientation": 81.19275679892715,
  "along_dist": 298.40252305464276,
  "along_dist_norm": 0.008899956792688051,
  "beach_slope": 0.055,
  "cil": 0.048,
  "ciu": 0.0659,
  "trend": 0.08933963202295941,
  "n_points": 654.0,
  "n_points_nonan": 502.0,
  "r2_score": 0.0009870813816635904,
  "mae": 20.770475050984523,
  "mse": 691.1792321483338,
  "rmse": 26.290287791280143,
  "intercept": 185.2954732163803,
  "ERODIBILITY": null
}