{
  "id": "aus0001-0004",
  "site_id": "aus0001",
  "orientation": 81.06547269981877,
  "along_dist": 398.40252305519596,
  "along_dist_norm": 0.01188249082143269,
  "beach_slope": 0.075,
  "cil": 0.0614,
  "ciu": 0.0922,
  "trend": 0.3614371078400559,
  "n_points": 654.0,
  "n_points_nonan": 508.0,
  "r2_score": 0.017460805431427917,
  "mae": 19.52883935057631,
  "mse": 637.6762126365659,
  "rmse": 25.252251634984272,
  "intercept": 169.02786117036294,
  "ERODIBILITY": null
}