{
  "id": "aus0001-0005",
  "site_id": "aus0001",
  "orientation": 85.82186915440906,
  "along_dist": 498.4025230554077,
  "along_dist_norm": 0.014865024850167144,
  "beach_slope": 0.07,
  "cil": 0.0582,
  "ciu": 0.0811,
  "trend": 0.6351532896576021,
  "n_points": 654.0,
  "n_points_nonan": 515.0,
  "r2_score": 0.05793936262200039,
  "mae": 18.490995458637435,
  "mse": 566.363571431158,
  "rmse": 23.798394303632293,
  "intercept": 151.31529028777788,
  "ERODIBILITY": null
}