{
  "id": "aus0001-0007",
  "site_id": "aus0001",
  "orientation": 90.79363814550337,
  "along_dist": 698.3084525842764,
  "along_dist_norm": 0.02082728722381095,
  "beach_slope": 0.07,
  "cil": 0.0581,
  "ciu": 0.0842,
  "trend": 0.8507861790078867,
  "n_points": 654.0,
  "n_points_nonan": 517.0,
  "r2_score": 0.1174751382332122,
  "mae": 17.0140015040876,
  "mse": 467.0575253423815,
  "rmse": 21.61151372168043,
  "intercept": 148.50276478393695,
  "ERODIBILITY": null
}